<?xml version="1.0" encoding="UTF-8" standalone="yes"?>
<addon id="script.module.asgiref" name="asgiref" version="3.8.1" provider-name="Team Roketto">
	<requires>
		<import addon="script.module.typing-extensions"/>
		<import addon="xbmc.python" version="3.0.0"/>
	</requires>
	<extension point="xbmc.python.module" library="resources/lib/asgiref"/>
	<extension point="xbmc.addon.metadata">
		<summary lang="en_GB">ASGI specs, helper code, and adapters</summary>
		<description lang="en_GB">ASGI (Asynchronous Server Gateway Interface) is a spiritual successor to WSGI, intended to provide a standard interface between async-capable Python web servers, frameworks, and applications. Where WSGI provided a standard for synchronous Python apps, ASGI provides one for both asynchronous and synchronous apps, with a WSGI backwards-compatibility implementation and multiple servers and application frameworks.</description>
		<platform>all</platform>
		<license>BSD 3-Clause License</license>
		<assets>
			<icon>icon.png</icon>
		</assets>
	</extension>
</addon>
