<?xml version="1.0" encoding="UTF-8" standalone="yes"?>
<addon id="plugin.video.encore" name="TVBAnywhere North America" version="1.0.0" provider-name="Team Roketto">
	<requires>
		<import addon="script.module.beautifulsoup4" />
		<import addon="script.module.django" />
		<import addon="script.module.requests-cache" />
		<import addon="script.module.yt-dlp" />
		<import addon="xbmc.python" version="3.0.0" />
	</requires>
	<extension point="xbmc.python.pluginsource" library="addon.py">
		<provides>video</provides>
	</extension>
	<extension point="xbmc.addon.metadata">
		<summary lang="en_GB">Watch Hong Kong dramas, news, and variety shows for free on TVBAnywhere</summary>
		<description lang="en_GB">Unleash a World of Premium Chinese &amp; Asian Entertainment with TVBAnywhere North America - the ultimate destination for TVB fans! Discover the best in Asian entertainment with TVBAnywhere North America, the ultimate streaming app for fans of TVB dramas, variety shows, and news programs. With an extensive library of content, you can immerse yourself in the world of authentic Hong Kong-style entertainment and stay up-to-date with the TVB latest shows, anytime, anywhere.</description>
		<platform>all</platform>
		<license>MIT License</license>
		<assets>
			<icon>icon.png</icon>
		</assets>
	</extension>
</addon>
