<?xml version="1.0" encoding="UTF-8" standalone="yes"?>
<addon id="repository.roketto" name="Roketto Add-on repository" version="1.0.0" provider-name="Team Roketto">
	<extension point="xbmc.addon.repository">
		<dir>
			<info compressed="false">https://raw.githubusercontent.com/TeamRoketto/addons/main/addons.xml</info>
			<checksum>https://raw.githubusercontent.com/TeamRoketto/addons/main/addons.xml.md5</checksum>
			<datadir>https://raw.githubusercontent.com/TeamRoketto/addons/main/</datadir>
			<hashes>false</hashes>
		</dir>
		<dir>
			<info compressed="false">https://raw.githubusercontent.com/Gujal00/smrzips/master/addons.xml</info>
			<checksum>https://raw.githubusercontent.com/Gujal00/smrzips/master/addons.xml.md5</checksum>
			<datadir>https://raw.githubusercontent.com/Gujal00/smrzips/master/zips/</datadir>
			<hashes>false</hashes>
		</dir>
	</extension>
	<extension point="xbmc.addon.metadata">
		<summary lang="en_GB">Install Add-ons from Roketto</summary>
		<description lang="en_GB">Download and install add-ons from the Official Roketto add-on repository.</description>
		<platform>all</platform>
		<license>MIT License</license>
		<assets>
			<icon>icon.png</icon>
		</assets>
	</extension>
</addon>
